Category,Product Name,Quanaity,Price,Total Price
Puce,Sambuca - Opal Nera,1,145.24,145.24
Red,Scallops 60/80 Iqf,4,465.89,1863.56
Violet,"Pepper - White, Whole",8,481,3848
Mauv,Pork - Ground,14,486.06,6804.84
Maroon,Creme De Banane - Marie,15,266.59,3998.85
Aquamarine,Crab Brie In Phyllo,11,15.55,171.05
Indigo,Goldschalger,13,416,5408
Orange,Soup - Campbells Beef Noodle,11,59.29,652.19
Green,Cheese - St. Andre,3,406.86,1220.58
Blue,Longos - Lasagna Beef,13,45.47,591.11
Maroon,Bagel - Whole White Sesame,7,51.02,357.14
Khaki,Beets - Pickled,2,30.07,60.14
Yellow,"Salmon - Smoked, Sliced",7,441.66,3091.62
Fuscia,Pork - Bacon Cooked Slcd,4,299.99,1199.96
Yellow,"Beef - Chuck, Boneless",3,170.82,512.46
Fuscia,Spice - Chili Powder Mexican,3,204.71,614.13
Aquamarine,Versatainer Nc - 8288,8,420.25,3362
Red,Spinach - Baby,12,199.53,2394.36
Blue,The Pop Shoppe - Black Cherry,12,298.24,3578.88
Turquoise,Bread - Italian Corn Meal Poly,4,162.39,649.56
Goldenrod,Lemon Balm - Fresh,9,454.73,4092.57
Violet,Capers - Ox Eye Daisy,14,382.1,5349.4
Green,Table Cloth 54x54 White,8,24.39,195.12
Blue,Beer - Sleemans Cream Ale,9,314.19,2827.71
Aquamarine,"Rum - Light, Captain Morgan",12,391.55,4698.6
Red,Pastry - Baked Scones - Mini,1,108.62,108.62
Teal,Dried Figs,8,368.95,2951.6
Goldenrod,Flour - Teff,12,281.13,3373.56
Purple,V8 - Tropical Blend,4,366.63,1466.52
Turquoise,Longos - Assorted Sandwich,7,346,2422
Yellow,Chivas Regal - 12 Year Old,15,25.47,382.05
Yellow,Coconut Milk - Unsweetened,5,200.09,1000.45
Yellow,Table Cloth 91x91 Colour,14,329.81,4617.34
Green,Cheese - Mascarpone,10,162.6,1626
Purple,Bread - Triangle White,9,68.96,620.64
Red,Wine - German Riesling,2,374.51,749.02
Goldenrod,Pop - Club Soda Can,2,13.45,26.9
Fuscia,Syrup - Pancake,15,411,6165
Puce,Wine - Coteaux Du Tricastin Ac,9,465.43,4188.87
Violet,Table Cloth 53x69 White,13,442.77,5756.01
Maroon,Gherkin - Sour,10,373.86,3738.6
Turquoise,Wine - Cousino Macul Antiguas,4,480.8,1923.2
Maroon,Salmon Steak - Cohoe 8 Oz,4,445.28,1781.12
Khaki,Lemon Balm - Fresh,5,390.67,1953.35
Pink,Wine - Ice Wine,7,409.51,2866.57
Blue,Prunes - Pitted,11,278.72,3065.92
Crimson,Dc - Frozen Momji,3,29.11,87.33
Orange,"Chicken - Breast, 5 - 7 Oz",5,126.92,634.6
Goldenrod,Lemon Balm - Fresh,12,161.51,1938.12
Mauv,"Bread - Roll, Calabrese",7,376.99,2638.93
Orange,Appetizer - Escargot Puff,8,75.85,606.8
Yellow,Wine - Prosecco Valdobiaddene,5,316.61,1583.05
Green,Wine - Clavet Saint Emilion,10,198.33,1983.3
Khaki,Truffle Cups - Red,15,254.69,3820.35
Khaki,Piping - Bags Quizna,15,384.17,5762.55
Orange,Bagelers,7,234.4,1640.8
Crimson,Coffee - Almond Amaretto,11,15.94,175.34
Red,"Tart Shells - Sweet, 2",15,7.31,109.65
Fuscia,Cheese - Mascarpone,15,375.17,5627.55
Blue,Soup - Base Broth Chix,3,141.11,423.33
Turquoise,Potatoes - Idaho 100 Count,11,276.03,3036.33
Indigo,Lettuce - Lambs Mash,1,454.09,454.09
Mauv,Goulash Seasoning,15,212.66,3189.9
Orange,"Lobster - Baby, Boiled",1,116.28,116.28
Green,"Mop Head - Cotton, 24 Oz",9,240.01,2160.09
Mauv,"Yogurt - Banana, 175 Gr",9,138.41,1245.69
Teal,Bulgar,8,355.08,2840.64
Indigo,Paper Cocktail Umberlla 80 - 180,3,241.82,725.46
Khaki,"Oregano - Dry, Rubbed",11,488.28,5371.08
Turquoise,Longos - Grilled Chicken With,8,421.84,3374.72
Maroon,Potatoes - Idaho 100 Count,13,243.36,3163.68
Pink,"Bread - Pumpernickle, Rounds",6,82.63,495.78
Green,Sage - Ground,14,296.69,4153.66
Teal,Broom And Broom Rack White,4,377.74,1510.96
Goldenrod,Cabbage - Red,14,351.12,4915.68
Maroon,Star Fruit,10,392.17,3921.7
Fuscia,Oil - Grapeseed Oil,10,471.24,4712.4
Aquamarine,Wine - Winzer Krems Gruner,10,294.46,2944.6
Crimson,Squash - Acorn,4,388.57,1554.28
Khaki,"Lid - Translucent, 3.5 And 6 Oz",8,314.41,2515.28
Pink,Vinegar - Cider,8,499.59,3996.72
Puce,Wine - Savigny - Les - Beaune,8,48.59,388.72
Orange,Tea - Herbal - 6 Asst,9,446.61,4019.49
Crimson,"Juice - Apple, 500 Ml",8,447.36,3578.88
Khaki,Bag Clear 10 Lb,1,208.65,208.65
Violet,Fond - Chocolate,4,129.81,519.24
Turquoise,Pasta - Canelloni,7,158.26,1107.82
Teal,Sword Pick Asst,15,405.97,6089.55
Green,Irish Cream - Butterscotch,4,183.41,733.64
Maroon,"Pork - Back, Long Cut, Boneless",1,498.79,498.79
Purple,Sauce - Oyster,6,440.59,2643.54
Fuscia,"Nut - Pecan, Pieces",8,137.55,1100.4
Red,Corn - On The Cob,12,273.4,3280.8
Pink,"Cheese - Romano, Grated",15,18.22,273.3
Khaki,Lettuce - Iceberg,5,248.4,1242
Teal,Muffin Batt - Choc Chk,13,304.15,3953.95
Teal,"Brandy - Orange, Mc Guiness",15,354.58,5318.7
Indigo,Puree - Passion Fruit,4,272.72,1090.88
Orange,Oxtail - Cut,14,80.97,1133.58
Puce,"Pasta - Rotini, Colour, Dry",3,195.74,587.22
Turquoise,Garbage Bag - Clear,6,19.06,114.36
Blue,Beef - Ground Lean Fresh,2,289.6,579.2
Orange,Mangoes,1,425.49,425.49
Purple,Beets - Golden,12,62.15,745.8
Puce,Bar Nature Valley,1,335.25,335.25
Puce,Sole - Iqf,11,148.61,1634.71
Crimson,Gooseberry,15,63.07,946.05
Indigo,Bar Mix - Lime,12,343.97,4127.64
Green,Basil - Thai,10,421.74,4217.4
Green,"Pork - Tenderloin, Frozen",4,105.5,422
Puce,Muffin Batt - Choc Chk,7,436.3,3054.1
Goldenrod,Vinegar - Rice,2,338.63,677.26
Yellow,Cookies Oatmeal Raisin,6,353.86,2123.16
Green,Poppy Seed,9,368.05,3312.45
Violet,Bread Bowl Plain,14,300.58,4208.12
Fuscia,"Coconut - Shredded, Sweet",4,366.44,1465.76
Aquamarine,"Vodka - Lemon, Absolut",7,35.57,248.99
Teal,Lamb Tenderloin Nz Fr,13,163.44,2124.72
Mauv,Lettuce - Frisee,13,252.83,3286.79
Blue,Ecolab Crystal Fusion,11,445.19,4897.09
Teal,Tea - Herbal I Love Lemon,3,93.44,280.32
Fuscia,Beef Ground Medium,6,377.46,2264.76
Indigo,Veal - Liver,13,15.29,198.77
Puce,Yams,1,383.24,383.24
Orange,Tea - Camomele,8,405.62,3244.96
Turquoise,"Fish - Base, Bouillion",10,350.1,3501
Indigo,Turnip - White,12,54.88,658.56
Crimson,"Capon - Breast, Double, Wing On",9,235.97,2123.73
Mauv,Wine - Ruffino Chianti,7,34.91,244.37
Orange,"Crab - Claws, 26 - 30",11,73.66,810.26
Yellow,Lid Coffeecup 12oz D9542b,4,195.84,783.36
Fuscia,Jolt Cola - Electric Blue,7,154.01,1078.07
Mauv,Rice - Jasmine Sented,12,210.05,2520.6
Blue,Crackers - Trio,1,2.77,2.77
Violet,"Orange - Canned, Mandarin",8,231,1848
Yellow,Ham - Cooked,14,147.71,2067.94
Indigo,Tray - 16in Rnd Blk,13,132.93,1728.09
Violet,Veal - Kidney,13,182.99,2378.87
Aquamarine,"Chicken - Diced, Cooked",10,247.09,2470.9
Blue,Capon - Whole,5,18.2,91
Fuscia,Mince Meat - Filling,13,191.19,2485.47
Pink,"Beans - Black Bean, Canned",3,251.1,753.3
Yellow,"Wine - Red, Pelee Island Merlot",11,423.71,4660.81
Green,Roe - White Fish,9,413.77,3723.93
Fuscia,Wine - Fontanafredda Barolo,8,178.22,1425.76
Orange,Parsnip,1,215.15,215.15
Pink,Huck White Towels,12,4.34,52.08
Puce,Cookie - Oreo 100x2,1,186.68,186.68
Aquamarine,Spinach - Baby,15,152.2,2283
Indigo,Rice - Brown,6,52.27,313.62
Red,Mushroom - Porcini Frozen,10,129.53,1295.3
Red,Soup - Campbells Chili Veg,8,338.81,2710.48
Khaki,Juice - Apple 284ml,6,328.91,1973.46
Crimson,Chicken - Wieners,12,273.19,3278.28
Pink,Pate - Cognac,6,35.52,213.12
Indigo,Yukon Jack,11,64.75,712.25
Crimson,Coconut - Whole,7,56.27,393.89
Fuscia,Beer - Sleemans Honey Brown,6,275.88,1655.28
Pink,Vol Au Vents,4,240.99,963.96
Goldenrod,Island Oasis - Ice Cream Mix,6,274.25,1645.5
Orange,Lady Fingers,2,429.41,858.82
Khaki,"Oregano - Dry, Rubbed",8,301.94,2415.52
Teal,Island Oasis - Sweet And Sour Mix,10,285.53,2855.3
Orange,Wine - Hardys Bankside Shiraz,14,398.54,5579.56
Goldenrod,Plums - Red,12,157.92,1895.04
Blue,Baking Powder,12,79.03,948.36
Puce,Lettuce - Belgian Endive,15,8.46,126.9
Khaki,Cabbage Roll,9,289.5,2605.5
Blue,Muskox - French Rack,14,187.93,2631.02
Teal,Flour Dark Rye,4,26.05,104.2
Purple,Kolrabi,15,258.8,3882
Aquamarine,Curry Paste - Green Masala,11,404.06,4444.66
Purple,Iced Tea Concentrate,2,277.28,554.56
Crimson,Aspic - Light,6,465.03,2790.18
Green,Sauce - Fish 25 Ozf Bottle,10,220.87,2208.7
Fuscia,Wanton Wrap,15,472.88,7093.2
Green,Myers Planters Punch,6,53.67,322.02
Maroon,V8 Splash Strawberry Kiwi,3,109.32,327.96
Red,Cheese - Shred Cheddar / Mozza,13,53.34,693.42
Green,"Chicken - Base, Ultimate",14,405.4,5675.6
Crimson,"Beans - Kidney, Canned",6,376.99,2261.94
Pink,Tomatoes Tear Drop Yellow,13,42.66,554.58
Khaki,Bar Bran Honey Nut,3,274.51,823.53
Crimson,Lid Tray - 16in Dome,7,16.11,112.77
Crimson,"Tart Shells - Barquettes, Savory",10,121.03,1210.3
Turquoise,Halibut - Steaks,6,230.8,1384.8
Purple,"Tomatoes - Cherry, Yellow",14,444.98,6229.72
Orange,Pork Loin Bine - In Frenched,14,94.35,1320.9
Khaki,"Rum - Dark, Bacardi, Black",8,43.7,349.6
Indigo,Rappini - Andy Boy,10,241.06,2410.6
Green,Snapple Raspberry Tea,13,88.92,1155.96
Pink,Pork Loin Cutlets,4,232.33,929.32
Puce,Bandage - Finger Cots,12,361.88,4342.56
Yellow,Beer - True North Lager,9,328.81,2959.29
Teal,Bacardi Breezer - Strawberry,5,140.94,704.7
Red,Wine - George Duboeuf Rose,12,333.01,3996.12
Indigo,"Veal - Round, Eye Of",14,71.79,1005.06
Purple,"Water - Mineral, Carbonated",15,497.13,7456.95
Purple,Mayonnaise,11,461.45,5075.95
Khaki,Cumin - Ground,12,399.91,4798.92
Blue,"Tart Shells - Savory, 2",8,402.85,3222.8
Goldenrod,Wine - Taylors Reserve,4,75.99,303.96
Red,"Beef - Tongue, Fresh",7,426.59,2986.13
Pink,Sprouts - Pea,15,459.53,6892.95
Khaki,Cheese - Brie,8,38.28,306.24
Maroon,Wine - Stoneliegh Sauvignon,7,473.82,3316.74
Orange,Soap - Mr.clean Floor Soap,12,71.95,863.4
Maroon,Carrots - Mini Red Organic,14,362.57,5075.98
Crimson,Cheese - Wine,8,59.8,478.4
Turquoise,Arctic Char - Fillets,9,123.82,1114.38
Puce,Extract - Raspberry,4,231.11,924.44
Blue,"Turnip - White, Organic",10,15.03,150.3
Khaki,Bread - Olive,5,103.92,519.6
Mauv,Lemon Grass,1,262.6,262.6
Crimson,Wine - Wyndham Estate Bin 777,13,185.87,2416.31
Puce,"Lemonade - Black Cherry, 591 Ml",5,336.49,1682.45
Fuscia,"Chicken - Diced, Cooked",15,474.68,7120.2
Purple,Paper Cocktail Umberlla 80 - 180,2,247.99,495.98
Mauv,Onion - Dried,6,106.87,641.22
Yellow,Juice - V8 Splash,4,188.49,753.96
Mauv,Capicola - Hot,1,115.3,115.3
Indigo,Table Cloth 54x72 White,7,292.1,2044.7
Pink,Juice Peach Nectar,8,12.09,96.72
Indigo,Tuna - Salad Premix,1,98.81,98.81
Blue,"Mushroom - Chanterelle, Dry",5,352.29,1761.45
Aquamarine,Cranberries - Fresh,3,49.27,147.81
Indigo,Ecolab - Medallion,14,66.03,924.42
Fuscia,Icecream - Dstk Super Cone,7,451.47,3160.29
Aquamarine,"Napkin - Cocktail,beige 2 - Ply",11,82.63,908.93
Purple,Chicken Giblets,2,66.13,132.26
Orange,"Mushroom - Enoki, Dry",15,207.84,3117.6
Aquamarine,Beer - Mill St Organic,11,188.15,2069.65
Purple,Quinoa,8,475.48,3803.84
Blue,Bar Nature Valley,6,238.11,1428.66
Green,Beef Flat Iron Steak,13,76.77,998.01
Purple,Scallops - U - 10,10,137.58,1375.8
Teal,Vanilla Beans,1,323.52,323.52
Red,Mustard - Seed,4,165.5,662
Red,Snapple - Mango Maddness,6,253.81,1522.86
Purple,Milk - Chocolate 500ml,7,341.08,2387.56
Indigo,Wine - Spumante Bambino White,4,31.94,127.76
Pink,Spice - Montreal Steak Spice,11,98.78,1086.58
Mauv,"Capon - Breast, Wing On",6,352.74,2116.44
Fuscia,Heavy Duty Dust Pan,4,171.77,687.08
Orange,Bread - Frozen Basket Variety,1,54.37,54.37
Violet,Sugar - Palm,10,300.92,3009.2
Indigo,Island Oasis - Mango Daiquiri,14,298.86,4184.04
Violet,Soup - Tomato Mush. Florentine,4,13.18,52.72
Goldenrod,Eggroll,15,122.49,1837.35
Orange,Corn Syrup,1,221.82,221.82
Red,Flower - Carnations,1,202.03,202.03
Mauv,"Bag - Bread, White, Plain",1,482.26,482.26
Crimson,Energy Drink - Franks Original,13,449.41,5842.33
Maroon,Bar Bran Honey Nut,8,339.92,2719.36
Orange,Cheese Cloth No 100,7,194.57,1361.99
Turquoise,Wine - Black Tower Qr,7,364.17,2549.19
Orange,Sprite - 355 Ml,3,436.95,1310.85
Mauv,Wine - Conde De Valdemar,5,1.68,8.4
Puce,Coffee Cup 8oz 5338cd,12,427.68,5132.16
Goldenrod,Mayonnaise - Individual Pkg,12,187.83,2253.96
Indigo,Table Cloth 54x54 White,6,242.75,1456.5
Orange,Juice - Ocean Spray Kiwi,2,424.23,848.46
Mauv,Oil - Sesame,8,66.24,529.92
Puce,Energy Drink - Franks Original,5,386.16,1930.8
Puce,Honey - Lavender,5,348.64,1743.2
Green,Peach - Halves,7,441.28,3088.96
Red,Pie Shells 10,11,357.52,3932.72
Turquoise,Buffalo - Short Rib Fresh,5,82.27,411.35
Yellow,Beer - Molson Excel,10,239.51,2395.1
Orange,"Pasta - Detalini, White, Fresh",8,130.25,1042
Red,"Pail - 15l White, With Handle",4,321.78,1287.12
Violet,Jagermeister,5,363.77,1818.85
Turquoise,Macaroons - Homestyle Two Bit,2,437.46,874.92
Violet,Lamb - Rack,11,438.03,4818.33
Teal,Vol Au Vents,2,318.54,637.08
Orange,Pumpkin,9,382.13,3439.17
Green,Pork - Caul Fat,8,448.98,3591.84
Khaki,Bread - 10 Grain Parisian,9,361.36,3252.24
Violet,Tarts Assorted,10,45.41,454.1
Khaki,Pork - Backs - Boneless,7,430.8,3015.6
Aquamarine,Sprouts Dikon,12,217.38,2608.56
Fuscia,Apple - Granny Smith,8,442.28,3538.24
Aquamarine,Muffin Puck Ww Carrot,7,467.42,3271.94
Teal,Wine - Cave Springs Dry Riesling,1,440.16,440.16
Purple,Tuna - Bluefin,2,402.7,805.4
Aquamarine,Cheese - Brick With Onion,10,467.44,4674.4
Yellow,Mortadella,8,194.36,1554.88
Blue,Chicken - Tenderloin,11,257.01,2827.11
Orange,Wine - Montecillo Rioja Crianza,9,282.37,2541.33
Pink,Wine - Gato Negro Cabernet,4,474.35,1897.4
Purple,Juice - Lime,4,304.33,1217.32
Khaki,Soup - Cream Of Potato / Leek,6,397.46,2384.76
Yellow,"Mustard - Dry, Powder",13,88.98,1156.74
Purple,Celery Root,7,30.89,216.23
Crimson,Salt And Pepper Mix - Black,5,277.92,1389.6
Blue,Honey - Liquid,13,9.89,128.57
Indigo,Plate Pie Foil,7,81.92,573.44
Crimson,Alize Gold Passion,2,174.54,349.08
Crimson,Gelatine Powder,11,386.06,4246.66
Crimson,Chives - Fresh,12,353.35,4240.2
Red,Tomato - Plum With Basil,3,441.08,1323.24
Purple,"Schnappes - Peach, Walkers",5,215.92,1079.6
Crimson,"Tart Shells - Sweet, 4",14,108.68,1521.52
Indigo,Wine - Casablanca Valley,8,434.67,3477.36
Green,Tomatoes - Cherry,15,216.49,3247.35
Green,Wine - Malbec Trapiche Reserve,9,227.74,2049.66
Teal,Grapes - Red,1,410.64,410.64
Teal,Cheese - St. Andre,9,232.59,2093.31
Yellow,Sauce - Marinara,9,11.5,103.5
Maroon,Yams,7,24.29,170.03
Yellow,Wine - Chateau Aqueria Tavel,15,238.93,3583.95
Green,"Water, Tap",3,306.33,918.99
Purple,Tomatoes Tear Drop Yellow,14,261.16,3656.24
Pink,"Bread - Bagels, Mini",14,306.19,4286.66
Khaki,Compound - Mocha,12,476.67,5720.04
Aquamarine,Ginger - Crystalized,3,414.93,1244.79
Red,"Beans - Black Bean, Dry",15,347.94,5219.1
Aquamarine,"Juice - Grape, White",15,30.83,462.45
Crimson,Table Cloth 62x120 White,4,279.66,1118.64
Purple,Pork - Ham Hocks - Smoked,10,283.87,2838.7
Yellow,Salt - Celery,9,247.35,2226.15
Indigo,"Juice - Apple, 1.36l",1,200.51,200.51
Fuscia,Mangoes,14,273.08,3823.12
Orange,"Juice - Apple, 500 Ml",14,331.1,4635.4
Green,Mussels - Frozen,1,14.61,14.61
Aquamarine,Wine - Maipo Valle Cabernet,1,344.19,344.19
Turquoise,"Lamb - Whole Head Off,nz",4,463.36,1853.44
Goldenrod,Sauce - Roasted Red Pepper,14,284.95,3989.3
Khaki,"Bag - Bread, White, Plain",2,8.61,17.22
Red,"Wine - White, Concha Y Toro",11,88.28,971.08
Teal,Bagelers,2,4.71,9.42
Turquoise,Scallop - St. Jaques,1,311.65,311.65
Maroon,Coffee - Almond Amaretto,8,251.72,2013.76
Orange,Melon - Honey Dew,2,491.45,982.9
Mauv,Clementine,4,288.72,1154.88
Aquamarine,Creamers - 10%,5,73.3,366.5
Blue,Fork - Plastic,13,72.29,939.77
Purple,Turkey Leg With Drum And Thigh,9,413.53,3721.77
Green,"Jam - Raspberry,jar",11,209.29,2302.19
Yellow,Wine - Chianti Classica Docg,13,367.39,4776.07
Teal,"Artichoke - Bottom, Canned",5,265.59,1327.95
Fuscia,Chocolate - Milk,11,16.45,180.95
Puce,Energy Drink - Franks Original,1,424.55,424.55
Turquoise,Wine - Sogrape Mateus Rose,10,222.5,2225
Green,Sugar - White Packet,8,309.77,2478.16
Teal,Cranberry Foccacia,12,331.73,3980.76
Teal,Ice Cream - Vanilla,1,353.91,353.91
Turquoise,Wine - Ej Gallo Sierra Valley,2,243.77,487.54
Pink,Okra,4,28.78,115.12
Mauv,Coffee - Cafe Moreno,4,290.4,1161.6
Teal,Wine La Vielle Ferme Cote Du,5,162.52,812.6
Purple,Crab - Meat Combo,5,129.8,649
Turquoise,Juice - Prune,13,444.33,5776.29
Pink,Ice Cream Bar - Rolo Cone,15,392.88,5893.2
Teal,Extract - Rum,4,403.27,1613.08
Fuscia,Bok Choy - Baby,11,351.86,3870.46
Maroon,Extract - Almond,12,398.03,4776.36
Puce,Ice Cream - Vanilla,13,314.44,4087.72
Blue,Bread - Crusty Italian Poly,2,405.26,810.52
Crimson,Chicken - Whole Roasting,12,217.91,2614.92
Pink,"Tart Shells - Barquettes, Savory",15,389.85,5847.75
Violet,Emulsifier,1,37.98,37.98
Crimson,Table Cloth 90x90 White,12,190.03,2280.36
Mauv,"Quail - Whole, Boneless",9,90.66,815.94
Goldenrod,Extract - Raspberry,6,73.93,443.58
Mauv,"Lid - High Heat, Super Clear",14,382.61,5356.54
Aquamarine,Isomalt,12,294.17,3530.04
Fuscia,Juice - Orange 1.89l,11,250.72,2757.92
Orange,Lemon Pepper,13,335.52,4361.76
Crimson,Clementine,2,360.68,721.36
Purple,Tea - Orange Pekoe,11,162.67,1789.37
Goldenrod,Wine - Mondavi Coastal Private,2,137.18,274.36
Blue,Pepper - Chilli Seeds Mild,7,433.27,3032.89
Indigo,Ecolab Silver Fusion,10,238.06,2380.6
Mauv,Sugar - Cubes,7,273.36,1913.52
Aquamarine,Chocolate - Chips Compound,12,151.53,1818.36
Turquoise,Sauerkraut,5,320.4,1602
Fuscia,"Schnappes - Peach, Walkers",10,79.22,792.2
Yellow,"Onions - Dried, Chopped",4,182.36,729.44
Puce,"Bag - Bread, White, Plain",12,202.49,2429.88
Teal,Yucca,8,130.36,1042.88
Mauv,"Pasta - Rotini, Dry",9,81.63,734.67
Pink,Milk - Buttermilk,10,76.36,763.6
Green,Rice - Sushi,5,23.09,115.45
Purple,Bacardi Raspberry,7,252.88,1770.16
Fuscia,Ecolab Crystal Fusion,5,78.2,391
Purple,Skewers - Bamboo,6,213.59,1281.54
Yellow,Russian Prince,6,292.19,1753.14
Orange,"Wine - White, Ej Gallo",13,104.18,1354.34
Goldenrod,"Vermouth - White, Cinzano",1,48.14,48.14
Mauv,Snapple - Mango Maddness,8,130.95,1047.6
Aquamarine,Guava,4,316.97,1267.88
Maroon,Straw - Regular,3,354.05,1062.15
Mauv,"Veal - Leg, Provimi - 50 Lb Max",5,368.39,1841.95
Goldenrod,Tea - Lemon Green Tea,2,471.28,942.56
Indigo,"Fish - Halibut, Cold Smoked",14,196,2744
Aquamarine,Soup - Campbells,8,172.83,1382.64
Orange,"Cheese - Havarti, Salsa",14,486.18,6806.52
Blue,"Soup - Knorr, Chicken Noodle",2,262.75,525.5
Turquoise,Easy Off Oven Cleaner,10,351.57,3515.7
Maroon,Sauce - Plum,1,269.88,269.88
Maroon,"Bread - Roll, Canadian Dinner",10,127.4,1274
Puce,Snails - Large Canned,1,179.2,179.2
Orange,Spinach - Packaged,9,183.67,1653.03
Violet,Yams,6,185.28,1111.68
Green,The Pop Shoppe - Black Cherry,5,404.63,2023.15
Khaki,Lettuce - Curly Endive,7,383.17,2682.19
Khaki,Sambuca - Opal Nera,14,166.61,2332.54
Maroon,Ice Cream Bar - Oreo Sandwich,4,120.67,482.68
Blue,Oil - Coconut,7,108.49,759.43
Orange,Beef - Tenderloin - Aa,3,452.48,1357.44
Orange,Cloves - Ground,5,44.24,221.2
Maroon,"Napkin - Cocktail,beige 2 - Ply",9,433.31,3899.79
Maroon,Fennel - Seeds,10,187.89,1878.9
Puce,Puree - Raspberry,14,290.72,4070.08
Pink,Irish Cream - Butterscotch,2,56.28,112.56
Yellow,Lettuce - Iceberg,4,167.4,669.6
Red,Wine - Tio Pepe Sherry Fino,11,190.93,2100.23
Crimson,"Pepper - Black, Crushed",6,188.89,1133.34
Orange,Creme De Menth - White,13,83.56,1086.28
Mauv,Bacardi Breezer - Strawberry,5,191.21,956.05
Red,V8 Pet,5,353.17,1765.85
Maroon,Soup - Campbells Beef Strogonoff,14,76.03,1064.42
Orange,Versatainer Nc - 8288,12,99.4,1192.8
Purple,Squash - Butternut,1,96.4,96.4
Pink,Coffee Cup 8oz 5338cd,4,6.03,24.12
Green,"Cup - 3.5oz, Foam",4,55.07,220.28
Mauv,"Nut - Pine Nuts, Whole",1,207.36,207.36
Indigo,Lumpfish Black,1,435.04,435.04
Yellow,Wine - Toasted Head,13,276.47,3594.11
Turquoise,Cheese - Swiss,15,375.76,5636.4
Orange,Beans - Soya Bean,14,398.75,5582.5
Red,Rice - Aborio,15,63.97,959.55
Yellow,Mikes Hard Lemonade,11,5.39,59.29
Green,Pastry - Baked Cinnamon Stick,15,186.77,2801.55
Indigo,"Cheese - Brie,danish",12,492.71,5912.52
Blue,Wine - Sogrape Mateus Rose,3,237.4,712.2
Violet,Cattail Hearts,8,325.71,2605.68
Purple,Strawberries - California,9,499.72,4497.48
Yellow,"Lobster - Baby, Boiled",4,397.79,1591.16
Pink,Egg - Salad Premix,4,192.41,769.64
Purple,Truffle Shells - White Chocolate,1,469.32,469.32
Teal,Lotus Rootlets - Canned,12,28.6,343.2
Goldenrod,Wine - Duboeuf Beaujolais,11,124.72,1371.92
Pink,Oil - Sesame,13,432.3,5619.9
Crimson,Bread - Onion Focaccia,10,365.05,3650.5
Aquamarine,Cake - Box Window 10x10x2.5,10,354.4,3544
Goldenrod,Yeast Dry - Fermipan,12,124.49,1493.88
Fuscia,Salmon Steak - Cohoe 8 Oz,14,490.87,6872.18
Crimson,Campari,13,371.16,4825.08
Maroon,Cheese - Mascarpone,7,388.29,2718.03
Blue,"Mushroom - Enoki, Fresh",7,97.91,685.37
Purple,Beef - Striploin,7,6.2,43.4
Blue,Foie Gras,5,434.96,2174.8
Purple,Pan Grease,13,429.97,5589.61
Green,Venison - Liver,5,15.39,76.95
Goldenrod,Appetizer - Crab And Brie,4,136.53,546.12
Red,Coffee Cup 8oz 5338cd,4,330.87,1323.48
Orange,"Soup - Cream Of Broccoli, Dry",9,5.55,49.95
Purple,Sproutsmustard Cress,12,13.83,165.96
Violet,"Cheese - Mozzarella, Shredded",9,124.79,1123.11
Yellow,Parsley - Fresh,9,383.72,3453.48
Aquamarine,Bread Cranberry Foccacia,15,331.19,4967.85
Maroon,Wine - Charddonnay Errazuriz,10,180.16,1801.6
Khaki,Pepper - Jalapeno,7,483.99,3387.93
Goldenrod,Versatainer Nc - 888,14,303.17,4244.38
Purple,Crab - Meat Combo,9,278.68,2508.12
Puce,Soup - French Onion,3,101.7,305.1
Teal,Coffee - French Vanilla Frothy,3,357.74,1073.22
Fuscia,Mix Pina Colada,9,260.22,2341.98
Red,"Crush - Grape, 355 Ml",5,235.03,1175.15
Red,Sprouts Dikon,9,334.14,3007.26
Maroon,Wine - Guy Sage Touraine,1,346.31,346.31
Aquamarine,Cut Wakame - Hanawakaba,12,481.89,5782.68
Mauv,Seaweed Green Sheets,5,211.29,1056.45
Blue,Nantucket - 518ml,1,315.86,315.86
Puce,"Wine - White, Mosel Gold",10,363.16,3631.6
Fuscia,Juice Peach Nectar,6,403.67,2422.02
Green,Sugar - Fine,9,201.81,1816.29
Turquoise,Soup Campbells - Italian Wedding,11,490.79,5398.69
Orange,Lamb Shoulder Boneless Nz,5,282.49,1412.45
Aquamarine,Wine - Cousino Macul Antiguas,1,443.78,443.78
Teal,Oil - Cooking Spray,5,374.9,1874.5
Fuscia,Chef Hat 25cm,14,163.01,2282.14
Khaki,Wine - Rosso Del Veronese Igt,7,277.16,1940.12
Orange,Syrup - Monin - Blue Curacao,13,259.91,3378.83
Aquamarine,Scallops - 20/30,8,135.82,1086.56
Goldenrod,Beef - Top Butt,7,445.49,3118.43
Turquoise,Oyster - In Shell,5,53.55,267.75
Teal,Spinach - Packaged,3,417.99,1253.97
Fuscia,"Stock - Beef, White",13,184.22,2394.86
Purple,"Cheese - Havarti, Roasted Garlic",3,201.66,604.98
Khaki,Cape Capensis - Fillet,2,110.65,221.3
Goldenrod,Crawfish,15,198.43,2976.45
Orange,Chocolate Liqueur - Godet White,4,329.06,1316.24
Blue,Cheese - Camembert,11,142.71,1569.81
Purple,Pork - Bacon Cooked Slcd,12,254.98,3059.76
Red,"Beans - Navy, Dry",8,258.55,2068.4
Crimson,Squash - Sunburst,1,378.22,378.22
Crimson,Energy Drink Red Bull,2,352.84,705.68
Aquamarine,Peas - Frozen,10,482.2,4822
Orange,Tea - Herbal I Love Lemon,9,59.85,538.65
Teal,Sauce - Plum,14,152.47,2134.58
Aquamarine,Muffin - Mix - Creme Brule 15l,2,117.41,234.82
Turquoise,"Flour - Buckwheat, Dark",5,148.61,743.05
Goldenrod,Wine - Spumante Bambino White,7,15.88,111.16
Orange,Snapple Raspberry Tea,5,285.3,1426.5
Violet,Sausage - Andouille,15,216.99,3254.85
Teal,Wine - Niagara Peninsula Vqa,8,174.97,1399.76
Teal,Wine - Tribal Sauvignon,8,214.08,1712.64
Red,Sardines,15,43.93,658.95
Violet,Appetizer - Mango Chevre,13,132.18,1718.34
Green,Pastry - Cherry Danish - Mini,7,363.37,2543.59
Violet,Coffee - Espresso,9,315.19,2836.71
Indigo,Swiss Chard - Red,12,92.02,1104.24
Aquamarine,Steampan - Half Size Shallow,3,493.5,1480.5
Yellow,Egg Patty Fried,10,100.23,1002.3
Aquamarine,"Nut - Pecan, Halves",12,311.71,3740.52
Green,Scotch - Queen Anne,15,130.33,1954.95
Turquoise,Parsley - Fresh,9,354.13,3187.17
Teal,Wine - Magnotta - Cab Franc,3,446.87,1340.61
Purple,Wine - Zonnebloem Pinotage,12,272.77,3273.24
Indigo,"Juice - Apple, 1.36l",13,361.68,4701.84
Maroon,Tumeric,15,11.56,173.4
Purple,Pasta - Fusili Tri - Coloured,5,51.12,255.6
Red,Jicama,1,499.94,499.94
Crimson,Ecolab Silver Fusion,14,231.1,3235.4
Indigo,Herb Du Provence - Primerba,6,66.91,401.46
Indigo,Chicken - Base,11,354.24,3896.64
Yellow,Edible Flower - Mixed,14,390.35,5464.9
Green,Relish,15,75.64,1134.6
Goldenrod,Extract Vanilla Pure,6,56.77,340.62
Goldenrod,Pepper Squash,7,348.25,2437.75
Orange,Muffin Puck Ww Carrot,1,476.8,476.8
Turquoise,Pork - Bones,13,390.52,5076.76
Blue,"Water - Mineral, Natural",9,293.64,2642.76
Puce,Thermometer Digital,12,437.03,5244.36
Green,Shallots,10,205.32,2053.2
Maroon,Duck - Fat,8,35.76,286.08
Yellow,Yogurt - Assorted Pack,1,344.62,344.62
Blue,Potatoes - Yukon Gold 5 Oz,8,362.55,2900.4
Orange,Bar Mix - Lemon,7,375.7,2629.9
Fuscia,"Salt - Rock, Course",9,440.74,3966.66
Orange,Olives - Stuffed,11,286.78,3154.58
Mauv,"Wine - Red, Metus Rose",12,57.24,686.88
Aquamarine,"Yogurt - Raspberry, 175 Gr",14,486.31,6808.34
Fuscia,Sugar - Individual Portions,15,201.36,3020.4
Teal,Lid Tray - 16in Dome,1,386.85,386.85
Red,Chocolate Bar - Reese Pieces,6,397.05,2382.3
Goldenrod,Glycerine,14,474.15,6638.1
Mauv,"Wine - Red, Cabernet Sauvignon",11,66.47,731.17
Mauv,Tandoori Curry Paste,3,231.41,694.23
Crimson,Bread - White Epi Baguette,1,89.02,89.02
Yellow,"Sauce - Gravy, Au Jus, Mix",3,336.31,1008.93
Orange,"Shrimp - 16/20, Peeled Deviened",10,10.35,103.5
Goldenrod,Sole - Iqf,8,459.81,3678.48
Purple,Blouse / Shirt / Sweater,15,305.39,4580.85
Turquoise,Haggis,1,215.84,215.84
Orange,Mayonnaise - Individual Pkg,14,142.78,1998.92
Violet,Cake - Cheese Cake 9 Inch,6,458.71,2752.26
Mauv,Squash - Acorn,7,445.73,3120.11
Turquoise,Pastry - Plain Baked Croissant,12,148.41,1780.92
Green,Bread - Granary Small Pull,3,457.03,1371.09
Teal,Wine - Winzer Krems Gruner,7,333.44,2334.08
Orange,Pastry - Lemon Danish - Mini,7,45.66,319.62
Aquamarine,"Wine - White, Pinot Grigio",1,417.46,417.46
Fuscia,Danishes - Mini Raspberry,3,496.97,1490.91
Fuscia,Appetiser - Bought,4,112.94,451.76
Goldenrod,Wheat - Soft Kernal Of Wheat,13,32.06,416.78
Khaki,Wine - Toasted Head,15,116.8,1752
Indigo,Tuna - Bluefin,4,317.09,1268.36
Mauv,Spinach - Packaged,3,255.87,767.61
Green,"Potatoes - Instant, Mashed",2,179.89,359.78
Purple,Nectarines,6,70.65,423.9
Violet,Sobe - Orange Carrot,8,291.84,2334.72
Pink,Jameson Irish Whiskey,13,351.67,4571.71
Purple,Breakfast Quesadillas,4,378.9,1515.6
Purple,"Champagne - Brights, Dry",6,91.58,549.48
Fuscia,Gelatine Powder,14,360.39,5045.46
Green,The Pop Shoppe - Cream Soda,9,164.52,1480.68
Indigo,Duck - Fat,8,5.41,43.28
Teal,"Crab - Claws, Snow 16 - 24",15,153.69,2305.35
Turquoise,Pastry - Chocolate Chip Muffin,12,438.01,5256.12
Pink,"Beans - Kidney, Red Dry",8,19.01,152.08
Green,Buffalo - Short Rib Fresh,4,101.08,404.32
Blue,Truffle Shells - White Chocolate,7,322.41,2256.87
Fuscia,Whmis - Spray Bottle Trigger,13,75.4,980.2
Blue,Chocolate - White,3,415.72,1247.16
Indigo,Bread Crumbs - Japanese Style,7,94.54,661.78
Orange,Bag - Clear 7 Lb,6,427.75,2566.5
Pink,Tomatoes - Yellow Hot House,14,8.09,113.26
Indigo,Nutmeg - Ground,9,152.42,1371.78
Mauv,Bread - Pita,2,299.58,599.16
Khaki,Container - Clear 16 Oz,14,129.01,1806.14
Khaki,Chocolate - Sugar Free Semi Choc,9,206.03,1854.27
Green,"Syrup - Monin, Swiss Choclate",7,68.26,477.82
Teal,"Lamb - Pieces, Diced",14,22.45,314.3
Violet,Island Oasis - Pina Colada,15,189.88,2848.2
Mauv,Cheese - Mascarpone,3,128.82,386.46
Orange,The Pop Shoppe - Grape,15,225.86,3387.9
Mauv,Lamb Leg - Bone - In Nz,9,149.89,1349.01
Aquamarine,"C - Plus, Orange",10,96.95,969.5
Puce,"Clams - Littleneck, Whole",13,267.79,3481.27
Purple,"Water - Mineral, Carbonated",5,389.91,1949.55
Green,"Beans - Kidney, Red Dry",13,240.74,3129.62
Fuscia,"Trout - Rainbow, Fresh",14,53.05,742.7
Orange,"Pepper - Chipotle, Canned",11,118.66,1305.26
Aquamarine,Soup - Campbells Beef Noodle,3,12.31,36.93
Aquamarine,Wonton Wrappers,1,479.87,479.87
Puce,Graham Cracker Mix,15,221.98,3329.7
Crimson,"7up Diet, 355 Ml",15,18.45,276.75
Crimson,Coffee - Decaffeinato Coffee,11,273.69,3010.59
Violet,Jicama,9,80.34,723.06
Goldenrod,Bread - Malt,14,14.88,208.32
Aquamarine,"Wine - Red, Marechal Foch",1,386.78,386.78
Purple,Pork - Bones,11,407.14,4478.54
Maroon,Carbonated Water - Raspberry,2,209.76,419.52
Mauv,Pumpkin - Seed,7,117.55,822.85
Aquamarine,Beer - Sleemans Cream Ale,6,183.62,1101.72
Khaki,Yoplait - Strawbrasp Peac,11,450.4,4954.4
Aquamarine,"Lentils - Green, Dry",11,3.32,36.52
Turquoise,Fennel,7,262.23,1835.61
Purple,"Ham - Smoked, Bone - In",3,388.17,1164.51
Yellow,Soup - Campbells,2,14.53,29.06
Fuscia,Frangelico,3,72.71,218.13
Khaki,Muffin Hinge Container 6,1,11.39,11.39
Turquoise,"Halibut - Whole, Fresh",3,264.96,794.88
Indigo,Raisin - Dark,1,431.94,431.94
Violet,Lettuce Romaine Chopped,2,3.13,6.26
Green,"Lamb - Leg, Diced",4,378.34,1513.36
Blue,Mayonnaise,4,30.01,120.04
Khaki,Bagel - Whole White Sesame,11,11.97,131.67
Blue,Cheese - Bakers Cream Cheese,1,362.86,362.86
Maroon,Cheese Cloth,12,121.97,1463.64
Mauv,"Cup - 6oz, Foam",12,144.96,1739.52
Red,Honey - Lavender,5,68.77,343.85
Crimson,"Beef - Outside, Round",12,299.02,3588.24
Orange,Mushroom - Lg - Cello,9,27.11,243.99
Fuscia,Beer - True North Strong Ale,4,358.81,1435.24
Aquamarine,"Juice - Clam, 46 Oz",9,95.66,860.94
Crimson,Butter Balls Salted,15,216.69,3250.35
Puce,Pasta - Agnolotti - Butternut,8,83.57,668.56
Mauv,Soup - Campbells Mushroom,4,397.94,1591.76
Aquamarine,Dome Lid Clear P92008h,9,129.93,1169.37
Teal,Juice - Prune,12,265.81,3189.72
Khaki,Bread Roll Foccacia,6,128.88,773.28
Crimson,Smoked Paprika,14,118.58,1660.12
Crimson,Longos - Burritos,6,422.23,2533.38
Red,Cassis,15,402.91,6043.65
Fuscia,Rice - Sushi,15,235.25,3528.75
Orange,Sprouts - Alfalfa,8,306.11,2448.88
Teal,Bread Country Roll,15,140.4,2106
Mauv,"Veal - Chops, Split, Frenched",5,382.07,1910.35
Indigo,"Wine - Sherry Dry Sack, William",15,161.15,2417.25
Yellow,Dried Peach,7,143.39,1003.73
Khaki,Juice - Lime,8,242.88,1943.04
Aquamarine,"Lemonade - Kiwi, 591 Ml",4,149.24,596.96
Goldenrod,Sorrel - Fresh,12,135.41,1624.92
Teal,"Cheese - Cheddar, Mild",14,66.25,927.5
Green,Onions - Spanish,5,333.45,1667.25
Turquoise,Tobasco Sauce,13,142.75,1855.75
Crimson,"Coconut - Creamed, Pure",12,324.75,3897
Orange,Flour - Whole Wheat,3,495.18,1485.54
Purple,Cheese - Cheddar With Claret,4,493.54,1974.16
Maroon,Cream - 10%,5,423.03,2115.15
Yellow,Pork - Backfat,5,189.93,949.65
Pink,Cookie Dough - Oatmeal Rasin,4,283.55,1134.2
Mauv,Chivas Regal - 12 Year Old,1,425.49,425.49
Indigo,Pepper - Jalapeno,5,377.34,1886.7
Purple,Kellogs Special K Cereal,6,245.13,1470.78
Violet,Buffalo - Short Rib Fresh,5,487.66,2438.3
Aquamarine,Gatorade - Lemon Lime,15,393.87,5908.05
Teal,Island Oasis - Strawberry,9,198.85,1789.65
Blue,Catfish - Fillets,8,76.52,612.16
Puce,Devonshire Cream,5,280.8,1404
Mauv,"Wine - Bourgogne 2002, La",14,290.96,4073.44
Orange,Sugar - Icing,11,464.35,5107.85
Pink,"Chicken - Diced, Cooked",1,478.32,478.32
Khaki,Soup - Base Broth Chix,15,90.52,1357.8
Aquamarine,Foam Tray S2,15,258.33,3874.95
Turquoise,Sage Ground Wiberg,6,427.84,2567.04
Aquamarine,Baking Soda,7,359.16,2514.12
Goldenrod,Wine - Tribal Sauvignon,3,7.18,21.54
Green,Venison - Striploin,13,193.82,2519.66
Aquamarine,Liquid Aminios Acid - Braggs,2,438.74,877.48
Green,Squash - Butternut,7,37.6,263.2
Purple,Irish Cream - Butterscotch,10,82.4,824
Crimson,Anchovy In Oil,10,246.41,2464.1
Green,"Ranchero - Primerba, Paste",6,490.6,2943.6
Violet,Ecolab - Hobart Upr Prewash Arm,11,147.46,1622.06
Red,Dried Cherries,12,432.87,5194.44
Aquamarine,Wine - Pinot Noir Latour,12,13.54,162.48
Turquoise,"Cheese - Romano, Grated",13,132.52,1722.76
Violet,"Tendrils - Baby Pea, Organic",13,59.6,774.8
Orange,Lid Tray - 12in Dome,9,120.18,1081.62
Blue,Grapes - Red,2,314.38,628.76
Teal,Apron,4,428.76,1715.04
Pink,"Pasta - Cannelloni, Sheets, Fresh",15,149.16,2237.4
Green,Longos - Lasagna Veg,12,299.34,3592.08
Blue,Wine - Chablis 2003 Champs,15,129.28,1939.2
Violet,Icecream Cone - Areo Chocolate,4,97.43,389.72
Crimson,Table Cloth 62x120 Colour,15,484.79,7271.85
Teal,"Vinegar - Balsamic, White",4,286.56,1146.24
Puce,"Pasta - Fettuccine, Dry",1,321.35,321.35
Purple,"Syrup - Golden, Lyles",11,266.56,2932.16
Fuscia,Oil - Coconut,7,120.68,844.76
Khaki,Wine - Touraine Azay - Le - Rideau,14,485.55,6797.7
Crimson,Ice Cream - Life Savers,8,399.98,3199.84
Orange,"Bread - Crumbs, Bulk",13,33.69,437.97
Indigo,Sour Puss - Tangerine,1,250.94,250.94
Teal,Wine - Zinfandel Rosenblum,8,290.4,2323.2
Blue,"Tortillas - Flour, 10",11,473.58,5209.38
Pink,"Nut - Hazelnut, Ground, Natural",6,205.88,1235.28
Khaki,Potatoes - Mini White 3 Oz,3,165.34,496.02
Fuscia,Slt - Individual Portions,8,201.87,1614.96
Violet,"Beef - Rib Roast, Cap On",4,362.14,1448.56
Aquamarine,"Turkey - Breast, Boneless Sk On",14,182.91,2560.74
Pink,Pails With Lids,4,293.29,1173.16
Yellow,Pork - Shoulder,15,46.33,694.95
Violet,"Ecolab - Orange Frc, Cleaner",5,352.83,1764.15
Purple,"Plate - Foam, Bread And Butter",8,142.03,1136.24
Teal,Burger Veggie,12,392.55,4710.6
Goldenrod,Beans - Fine,1,250.15,250.15
Violet,Goat - Leg,15,297.08,4456.2
Blue,Galliano,10,426.12,4261.2
Purple,Puree - Strawberry,9,57.05,513.45
Indigo,Lettuce - Sea / Sea Asparagus,6,147.66,885.96
Violet,Pate Pans Yellow,2,71.29,142.58
Turquoise,Quinoa,11,307.61,3383.71
Purple,Beef - Shank,9,427.71,3849.39
Fuscia,"Soup - Knorr, Classic Can. Chili",10,164.29,1642.9
Pink,Bread - Bistro Sour,10,124.43,1244.3
Green,Container Clear 8 Oz,8,159.2,1273.6
Yellow,"Fish - Base, Bouillion",9,116.02,1044.18
Blue,Spice - Onion Powder Granulated,6,335.12,2010.72
Turquoise,Bread Crumbs - Japanese Style,9,293.58,2642.22
Indigo,Kolrabi,7,440.25,3081.75
Maroon,Corn - Mini,4,294.98,1179.92
Goldenrod,Beef - Salted,5,233.2,1166
Red,Wine - Pinot Noir Pond Haddock,15,428.21,6423.15
Violet,Shrimp - Black Tiger 16/20,5,147.32,736.6
Khaki,Apple - Macintosh,11,141.1,1552.1
Teal,Wine - Pinot Grigio Collavini,4,223.38,893.52
Fuscia,Pastry - Chocolate Chip Muffin,13,462.81,6016.53
Goldenrod,Honey - Liquid,4,397.08,1588.32
Maroon,Jameson - Irish Whiskey,15,344.15,5162.25
Orange,Chef Hat 20cm,8,188.83,1510.64
Mauv,Wine - Pinot Noir Stoneleigh,12,442.45,5309.4
Aquamarine,Appetizer - Veg Assortment,7,460.48,3223.36
Red,Wine - Cabernet Sauvignon,7,220.05,1540.35
Blue,Wine - Toasted Head,2,243.77,487.54
Khaki,Lamb Shoulder Boneless Nz,15,106.29,1594.35
Khaki,"Wine - Red, Pinot Noir, Chateau",11,388.42,4272.62
Goldenrod,Appetizer - Sausage Rolls,13,406.82,5288.66
Mauv,The Pop Shoppe - Root Beer,14,214.97,3009.58
Violet,"7up Diet, 355 Ml",14,49.2,688.8
Purple,Vanilla Beans,10,491.06,4910.6
Indigo,Onions - Spanish,13,286.87,3729.31
Blue,Chocolate - Compound Coating,7,239.71,1677.97
Crimson,Sauce - Sesame Thai Dressing,4,20.93,83.72
Crimson,"Pork - Back, Short Cut, Boneless",12,458.36,5500.32
Yellow,Fuji Apples,9,297.56,2678.04
Blue,"Pepper - White, Ground",5,237.78,1188.9
Fuscia,Sauce - Demi Glace,8,8.74,69.92
Teal,"Wine - Bourgogne 2002, La",15,24.54,368.1
Aquamarine,Dried Peach,3,87.33,261.99
Green,Venison - Racks Frenched,12,401.44,4817.28
Orange,Mushroom - Morel Frozen,5,232.35,1161.75
Orange,Calypso - Strawberry Lemonade,10,167.19,1671.9
Fuscia,Spic And Span All Purpose,7,81.59,571.13
Khaki,The Pop Shoppe - Grape,9,456.22,4105.98
Pink,"Pasta - Fett Alfredo, Single Serve",1,104.04,104.04
Mauv,Raisin - Dark,9,214.36,1929.24
Goldenrod,Veal - Insides Provini,3,329.41,988.23
Khaki,Salmon - Sockeye Raw,13,425.77,5535.01
Green,Oneshot Automatic Soap System,12,139.64,1675.68
Violet,Chicken - Whole,11,63.45,697.95
Pink,Ginger - Ground,9,434.68,3912.12
Khaki,Sping Loaded Cup Dispenser,5,394.49,1972.45
Aquamarine,Wine - Sogrape Mateus Rose,2,76.5,153
Maroon,Scotch - Queen Anne,6,197.15,1182.9
Indigo,Flower - Commercial Spider,9,397.07,3573.63
Blue,Wine - Casillero Deldiablo,3,387.3,1161.9
Blue,Soup - Campbells Mac N Cheese,2,340.87,681.74
Violet,Pimento - Canned,15,446.67,6700.05
Khaki,Scrubbie - Scotchbrite Hand Pad,9,341.12,3070.08
Turquoise,Bag - Clear 7 Lb,4,41.57,166.28
Purple,Raisin - Dark,5,235.55,1177.75
Blue,Soup Campbells Mexicali Tortilla,8,224.66,1797.28
Goldenrod,Bagels Poppyseed,2,345.15,690.3
Khaki,Table Cloth 90x90 White,6,364.97,2189.82
Goldenrod,Pectin,4,129.69,518.76
Blue,"Soup - Campbells, Chix Gumbo",6,22.98,137.88
Orange,"Mushroom - Porcini, Dry",3,401.46,1204.38
Crimson,"Chicken - Diced, Cooked",15,333.21,4998.15
Blue,Chocolate - Compound Coating,4,258.42,1033.68
Crimson,Muffin Mix - Oatmeal,5,78.8,394
Pink,Tequila Rose Cream Liquor,4,30.16,120.64
Purple,Bread Crumbs - Japanese Style,1,228.12,228.12
Aquamarine,Mortadella,3,402.01,1206.03
Green,Coffee - Dark Roast,14,206.09,2885.26
Turquoise,"Wine - Red, Gamay Noir",7,10.92,76.44
Goldenrod,Beef - Short Ribs,12,97.47,1169.64
Green,Water - Aquafina Vitamin,13,213.36,2773.68
Blue,Hipnotiq Liquor,8,114.25,914
Khaki,Cup - Translucent 7 Oz Clear,4,4.38,17.52
Indigo,Carbonated Water - Wildberry,5,486.27,2431.35
Red,Muffin Chocolate Individual Wrap,9,449.65,4046.85
Pink,"Wine - Red, Harrow Estates, Cab",10,231.03,2310.3
Khaki,"Pasta - Rotini, Colour, Dry",8,274.52,2196.16
Purple,Fork - Plastic,6,134.15,804.9
Goldenrod,Swiss Chard,15,403.58,6053.7
Green,Energy Drink - Redbull 355ml,13,37.3,484.9
Indigo,Veal - Inside,3,20.4,61.2
Pink,Nestea - Iced Tea,3,256.8,770.4
Khaki,Muffin Puck Ww Carrot,1,234.55,234.55
Violet,Pickerel - Fillets,9,283.48,2551.32
Violet,Yoghurt Tubes,5,6.97,34.85
Yellow,Bacon Strip Precooked,11,392.95,4322.45
Yellow,Capers - Ox Eye Daisy,14,136.46,1910.44
Violet,Hold Up Tool Storage Rack,1,55.36,55.36
Violet,"Leeks - Baby, White",15,7.88,118.2
Turquoise,"Wine - Harrow Estates, Vidal",15,72.18,1082.7
Crimson,Wine - Gewurztraminer Pierre,7,454.97,3184.79
Yellow,Lobster - Base,4,56.53,226.12
Mauv,Sour Cream,8,496.68,3973.44
Orange,"Jam - Marmalade, Orange",1,114.48,114.48
Turquoise,Onions - White,5,381.86,1909.3
Purple,Compound - Pear,15,158.83,2382.45
Green,Beans - Butter Lrg Lima,14,475.41,6655.74
Goldenrod,Oyster - In Shell,3,29.43,88.29
Yellow,"Wine - White, Pinot Grigio",10,289.18,2891.8
Indigo,"Veal - Inside Round / Top, Lean",6,186.99,1121.94
Teal,Potatoes - Fingerling 4 Oz,10,234.76,2347.6
Turquoise,Wine - Vouvray Cuvee Domaine,15,67.39,1010.85
Goldenrod,Scallops - In Shell,9,161.84,1456.56
Goldenrod,Table Cloth 81x81 Colour,4,482.61,1930.44
Khaki,Yeast Dry - Fermipan,8,490.62,3924.96
Puce,Tahini Paste,9,161.24,1451.16
Purple,"Nut - Pecan, Pieces",10,366.4,3664
Blue,Sour Puss Sour Apple,12,42.53,510.36
Turquoise,Danishes - Mini Raspberry,12,180.07,2160.84
Crimson,Lettuce - Iceberg,13,149.73,1946.49
Puce,Wine - Rhine Riesling Wolf Blass,2,474.5,949
Crimson,Southern Comfort,9,468.19,4213.71
Turquoise,Tia Maria,12,195.38,2344.56
Violet,Milk - 2% 250 Ml,14,201.35,2818.9
Crimson,Snapple - Mango Maddness,5,347.09,1735.45
Fuscia,"Lamb - Loin, Trimmed, Boneless",3,467.13,1401.39
Purple,Soup - Chicken And Wild Rice,14,433.68,6071.52
Teal,Flower - Leather Leaf Fern,5,267.79,1338.95
Crimson,Jagermeister,5,33.45,167.25
Pink,Bread - Pain Au Liat X12,3,32.25,96.75
Maroon,Flower - Commercial Spider,13,279.01,3627.13
Teal,Potatoes - Peeled,6,290.65,1743.9
Puce,"Pasta - Penne, Rigate, Dry",8,386.97,3095.76
Aquamarine,Puree - Strawberry,13,105.36,1369.68
Red,Tarragon - Fresh,5,113.37,566.85
Mauv,Vodka - Moskovskaya,3,329.73,989.19
Violet,Steampan - Foil,10,328.11,3281.1
Red,Pork - Sausage Casing,12,300.48,3605.76
Fuscia,Tuna - Salad Premix,1,39.88,39.88
Yellow,Tea - Herbal Sweet Dreams,12,421.09,5053.08
Puce,Wine - Coteaux Du Tricastin Ac,5,320.2,1601
Khaki,"Nut - Walnut, Pieces",10,421.42,4214.2
Green,Ecolab - Lime - A - Way 4/4 L,4,224.59,898.36
Khaki,Bread - Focaccia Quarter,11,268.73,2956.03
Khaki,Veal - Bones,14,224.47,3142.58
Crimson,Cheese - Grana Padano,14,360.02,5040.28
Fuscia,Frangelico,15,93.47,1402.05
Pink,"Napkin - Beverge, White 2 - Ply",14,444.96,6229.44
Purple,"Juice - Tomato, 48 Oz",4,17.68,70.72
Purple,Tea - Herbal I Love Lemon,10,306.37,3063.7
Yellow,"Olives - Green, Pitted",7,106.05,742.35
Goldenrod,Bread - Italian Corn Meal Poly,13,194.69,2530.97
Aquamarine,Beef - Sushi Flat Iron Steak,10,1.26,12.6
Crimson,Duck - Whole,1,59.97,59.97
Maroon,Fudge - Cream Fudge,13,104.49,1358.37
Puce,Muffin - Zero Transfat,3,405.09,1215.27
Purple,Vinegar - Cider,1,344.95,344.95
Turquoise,Wine - Sawmill Creek Autumn,9,56.11,504.99
Turquoise,Truffle Shells - White Chocolate,1,27.6,27.6
Mauv,"Vinegar - Balsamic, White",15,163.91,2458.65
Turquoise,Wine - Casillero Del Diablo,7,218.52,1529.64
Purple,Peas Snow,12,108.71,1304.52
Red,Cornflakes,12,106.26,1275.12
Khaki,"Mushroom - Chanterelle, Dry",8,110.94,887.52
Crimson,Soy Protein,4,39.32,157.28
Aquamarine,Bagel - 12 Grain Preslice,1,238.05,238.05
Crimson,"Wine - Magnotta - Red, Baco",12,61.43,737.16
Maroon,Beef - Rib Eye Aaa,4,398.59,1594.36
Khaki,"Tuna - Canned, Flaked, Light",10,480.44,4804.4
Maroon,Campari,4,421,1684
Red,Mushroom - Porcini Frozen,5,319.33,1596.65
Purple,Wine - Chablis J Moreau Et Fils,1,346.09,346.09
Fuscia,Higashimaru Usukuchi Soy,15,292.64,4389.6
Green,"Beans - Fava, Canned",9,216.44,1947.96
Mauv,"Juice - V8, Tomato",2,21.68,43.36
Aquamarine,Cheese - Goat,3,436.41,1309.23
Crimson,Wine - Sauvignon Blanc,9,431.54,3883.86
Orange,Vinegar - Sherry,4,349.96,1399.84
Green,Bamboo Shoots - Sliced,6,474.1,2844.6
Khaki,Tea - Black Currant,10,460.85,4608.5
Fuscia,Silicone Paper 16.5x24,1,358.2,358.2
Red,Truffle Paste,13,322.59,4193.67
Green,Quinoa,3,286.2,858.6
Orange,Tilapia - Fillets,15,132.68,1990.2
Goldenrod,"Wine - Red, Cooking",6,265.56,1593.36
Teal,Carbonated Water - Strawberry,13,55.65,723.45
Teal,Oil - Grapeseed Oil,9,495.77,4461.93
Goldenrod,Flour - Fast / Rapid,5,271.31,1356.55
Yellow,Syrup - Chocolate,2,472.39,944.78
Yellow,Tea - Vanilla Chai,15,431.16,6467.4
Khaki,Beef - Diced,10,111.74,1117.4
Khaki,"Tortillas - Flour, 10",13,291.27,3786.51
Indigo,Beans - Soya Bean,7,490.97,3436.79
Green,"Crab - Dungeness, Whole, live",14,314.83,4407.62
Puce,Bread - Rosemary Focaccia,10,460.52,4605.2
Violet,Dragon Fruit,8,308.62,2468.96
Crimson,Slt - Individual Portions,4,459.57,1838.28
Blue,Compound - Raspberry,5,311.97,1559.85
Blue,"Pork - Sausage, Medium",8,47.07,376.56
Blue,Ice Cream - Vanilla,15,420.66,6309.9
Orange,Coffee - Hazelnut Cream,6,443.57,2661.42
Pink,Kellogs Special K Cereal,15,383.02,5745.3
Yellow,"Nut - Pistachio, Shelled",5,74.56,372.8
Purple,"Wine - White, Colubia Cresh",12,104.67,1256.04
Pink,Wine - Chardonnay South,14,361.41,5059.74
Aquamarine,Boogies,5,300.61,1503.05
Turquoise,"Artichokes - Knobless, White",10,408.39,4083.9
Crimson,Eggwhite Frozen,3,439.93,1319.79
Blue,Ice Cream - Strawberry,9,150.47,1354.23
Turquoise,Bread - Hamburger Buns,15,35.88,538.2
Pink,Squeeze Bottle,9,19.69,177.21
Blue,"Cheese - Brie, Triple Creme",7,486.02,3402.14
Teal,Flavouring Vanilla Artificial,1,497.81,497.81
Yellow,Sprouts - Corn,5,78.99,394.95
Blue,Rabbit - Frozen,8,124.81,998.48
Indigo,"Bread - Sticks, Thin, Plain",12,417.26,5007.12
Pink,Truffle - Whole Black Peeled,15,282.16,4232.4
Goldenrod,Crawfish,5,86.34,431.7
Fuscia,Bagel - Everything,2,465.52,931.04
Yellow,Appetizer - Asian Shrimp Roll,7,432.7,3028.9
Khaki,Pear - Prickly,5,52.8,264
Mauv,Wine - Sauvignon Blanc,11,39.8,437.8
Crimson,Beef - Shank,9,474.45,4270.05
Fuscia,Salt - Celery,12,479.78,5757.36
Yellow,Oil - Peanut,12,199.9,2398.8
Turquoise,"Juice - Apple, 1.36l",7,417.39,2921.73
Red,Steampan - Lid For Half Size,1,335.12,335.12
Blue,"Pasta - Penne Primavera, Single",2,197.1,394.2
Crimson,Wine - Fume Blanc Fetzer,1,64.48,64.48
Maroon,Pepper - Green Thai,12,146.25,1755
Khaki,Sunflower Seed Raw,10,350.75,3507.5
Violet,Sprouts Dikon,15,344.94,5174.1
Goldenrod,Vinegar - White,3,289.47,868.41
Yellow,The Pop Shoppe - Black Cherry,4,84.55,338.2
Mauv,"Nut - Chestnuts, Whole",7,147.34,1031.38
Purple,"Pasta - Shells, Medium, Dry",2,342.61,685.22
Green,"Wine - White, French Cross",6,5.35,32.1
Yellow,Chocolate - Sugar Free Semi Choc,15,380.99,5714.85
Violet,Sprouts - Corn,15,131.37,1970.55
Blue,Island Oasis - Wildberry,9,385.05,3465.45
Orange,Honey - Liquid,14,496.07,6944.98
Puce,"Ham - Smoked, Bone - In",1,240.04,240.04
Green,Bagelers,14,306.97,4297.58
Goldenrod,"Water - Mineral, Natural",14,271.06,3794.84
Maroon,Whmis - Spray Bottle Trigger,2,102.89,205.78
Green,Chips - Miss Vickies,5,98.78,493.9
Mauv,Wine - Riesling Dr. Pauly,13,240.27,3123.51
Pink,Bread - Crusty Italian Poly,5,319.37,1596.85
Fuscia,Pastry - Raisin Muffin - Mini,10,100.32,1003.2
Indigo,Sage - Fresh,4,148.45,593.8
Teal,Cheese - Fontina,1,336.63,336.63
Pink,Hot Chocolate - Individual,11,239.49,2634.39
Turquoise,Beef - Ground Lean Fresh,6,476.87,2861.22
Crimson,"Wine - White, Chardonnay",4,215.96,863.84
Pink,Soup - Base Broth Beef,11,335.44,3689.84
Maroon,"Yeast - Fresh, Fleischman",4,283.09,1132.36
Maroon,Glove - Cutting,15,149.87,2248.05
Orange,"Stock - Beef, Brown",9,392.28,3530.52
Green,Buttons,6,394.7,2368.2
Mauv,Salmon Atl.whole 8 - 10 Lb,15,80.45,1206.75
Mauv,Pastry - Chocolate Marble Tea,1,320.25,320.25
Indigo,"Tart Shells - Savory, 2",4,286,1144
Yellow,Squash - Acorn,9,110.06,990.54
Red,"Brandy - Orange, Mc Guiness",9,187.67,1689.03
Mauv,Beer - Heinekin,10,181.31,1813.1
Goldenrod,Flour Dark Rye,6,338.5,2031
Blue,"Vodka - Hot, Lnferno",10,160.58,1605.8
Fuscia,Chicken - Leg / Back Attach,12,318.04,3816.48
Maroon,Fiddlehead - Frozen,11,273.54,3008.94
Fuscia,"Beans - Black Bean, Preserved",8,149.86,1198.88
Mauv,"Yogurt - Strawberry, 175 Gr",14,163.93,2295.02
Red,Vector Energy Bar,9,466.49,4198.41
Blue,Pie Filling - Apple,7,364.03,2548.21
Orange,Tuna - Yellowfin,13,104.31,1356.03
Mauv,V8 Splash Strawberry Banana,1,107.73,107.73
Turquoise,Soup - Campbellschix Stew,3,479.93,1439.79
Puce,Green Scrubbie Pad H.duty,1,416.9,416.9
